model_name,event_id,alarm_token_index,onset_token_index,lead_time_tokens,detected
qwen2.5-coder:7b,qwen2.5-coder:7b_p000,,,0,False
qwen2.5-coder:7b,qwen2.5-coder:7b_p001,-43,3,46,True
qwen2.5-coder:7b,qwen2.5-coder:7b_p002,-23,9,32,True
qwen2.5-coder:7b,qwen2.5-coder:7b_p003,-21,5,26,True
qwen2.5-coder:7b,qwen2.5-coder:7b_p004,4,4,0,True
qwen2.5-coder:7b,qwen2.5-coder:7b_p005,6,6,0,True
qwen2.5-coder:7b,qwen2.5-coder:7b_p006,4,4,0,True
qwen2.5-coder:7b,qwen2.5-coder:7b_p007,-9,3,12,True
qwen2.5-coder:7b,qwen2.5-coder:7b_p008,-8,4,12,True
qwen2.5-coder:7b,qwen2.5-coder:7b_p009,-22,9,31,True
qwen2.5-coder:7b,qwen2.5-coder:7b_p010,-40,2,42,True
qwen2.5-coder:7b,qwen2.5-coder:7b_p011,-14,6,20,True
qwen2.5-coder:7b,qwen2.5-coder:7b_p012,5,5,0,True
qwen2.5-coder:7b,qwen2.5-coder:7b_p013,-3,5,8,True
qwen2.5-coder:7b,qwen2.5-coder:7b_p014,-20,5,25,True
qwen2.5-coder:7b,qwen2.5-coder:7b_p015,-32,7,39,True
qwen2.5-coder:7b,qwen2.5-coder:7b_p016,-8,5,13,True
qwen2.5-coder:7b,qwen2.5-coder:7b_p017,4,7,3,True
qwen2.5-coder:7b,qwen2.5-coder:7b_p018,-11,4,15,True
qwen2.5-coder:7b,qwen2.5-coder:7b_p019,-30,2,32,True
qwen2.5-coder:7b,qwen2.5-coder:7b_p020,5,8,3,True
qwen2.5-coder:7b,qwen2.5-coder:7b_p021,-26,5,31,True
qwen2.5-coder:7b,qwen2.5-coder:7b_p022,-19,14,33,True
qwen2.5-coder:7b,qwen2.5-coder:7b_p023,7,7,0,True
qwen2.5-coder:7b,qwen2.5-coder:7b_p024,-1,6,7,True
qwen2.5-coder:7b,qwen2.5-coder:7b_p025,-8,5,13,True
qwen2.5-coder:7b,qwen2.5-coder:7b_p026,-49,4,53,True
qwen2.5-coder:7b,qwen2.5-coder:7b_p027,-1,3,4,True
qwen2.5-coder:7b,qwen2.5-coder:7b_p028,0,6,6,True
qwen2.5-coder:7b,qwen2.5-coder:7b_p029,-28,4,32,True
qwen2.5-coder:7b,qwen2.5-coder:7b_p030,-25,9,34,True
qwen2.5-coder:7b,qwen2.5-coder:7b_p031,-30,7,37,True
qwen2.5-coder:7b,qwen2.5-coder:7b_p032,5,7,2,True
qwen2.5-coder:7b,qwen2.5-coder:7b_p033,-29,3,32,True
qwen2.5-coder:7b,qwen2.5-coder:7b_p034,-8,3,11,True
qwen2.5-coder:7b,qwen2.5-coder:7b_p035,-8,4,12,True
qwen2.5-coder:7b,qwen2.5-coder:7b_p036,-48,5,53,True
qwen2.5-coder:7b,qwen2.5-coder:7b_p037,4,5,1,True
qwen2.5-coder:7b,qwen2.5-coder:7b_p038,-36,6,42,True
qwen2.5-coder:7b,qwen2.5-coder:7b_p039,-24,4,28,True
qwen2.5-coder:7b,qwen2.5-coder:7b_p040,-31,3,34,True
qwen2.5-coder:7b,qwen2.5-coder:7b_p041,-3,15,18,True
qwen2.5-coder:7b,qwen2.5-coder:7b_p042,2,10,8,True
qwen2.5-coder:7b,qwen2.5-coder:7b_p043,-4,5,9,True
qwen2.5-coder:7b,qwen2.5-coder:7b_p044,-37,6,43,True
qwen2.5-coder:7b,qwen2.5-coder:7b_p045,-40,3,43,True
qwen2.5-coder:7b,qwen2.5-coder:7b_p046,-34,10,44,True
qwen2.5-coder:7b,qwen2.5-coder:7b_p047,-20,9,29,True
qwen2.5-coder:7b,qwen2.5-coder:7b_p048,-13,3,16,True
qwen2.5-coder:7b,qwen2.5-coder:7b_p049,-23,7,30,True
qwen:latest,qwen:latest_p000,,,0,False
qwen:latest,qwen:latest_p001,,,0,False
qwen:latest,qwen:latest_p002,7,7,0,True
qwen:latest,qwen:latest_p003,3,3,0,True
qwen:latest,qwen:latest_p004,-17,8,25,True
qwen:latest,qwen:latest_p005,,,0,False
qwen:latest,qwen:latest_p006,,,0,False
qwen:latest,qwen:latest_p007,6,11,5,True
qwen:latest,qwen:latest_p008,-6,5,11,True
qwen:latest,qwen:latest_p009,-39,6,45,True
qwen:latest,qwen:latest_p010,2,2,0,True
qwen:latest,qwen:latest_p011,-36,5,41,True
qwen:latest,qwen:latest_p012,,,0,False
qwen:latest,qwen:latest_p013,,,0,False
qwen:latest,qwen:latest_p014,3,4,1,True
qwen:latest,qwen:latest_p015,-7,6,13,True
qwen:latest,qwen:latest_p016,-13,3,16,True
qwen:latest,qwen:latest_p017,2,2,0,True
qwen:latest,qwen:latest_p018,,,0,False
qwen:latest,qwen:latest_p019,2,2,0,True
qwen:latest,qwen:latest_p020,-25,8,33,True
qwen:latest,qwen:latest_p021,2,5,3,True
qwen:latest,qwen:latest_p022,-3,2,5,True
qwen:latest,qwen:latest_p023,-21,9,30,True
qwen:latest,qwen:latest_p024,-24,7,31,True
qwen:latest,qwen:latest_p025,-32,7,39,True
qwen:latest,qwen:latest_p026,-40,4,44,True
qwen:latest,qwen:latest_p027,-31,3,34,True
qwen:latest,qwen:latest_p028,-6,8,14,True
qwen:latest,qwen:latest_p029,-28,13,41,True
qwen:latest,qwen:latest_p030,0,5,5,True
qwen:latest,qwen:latest_p031,-29,15,44,True
qwen:latest,qwen:latest_p032,-28,7,35,True
qwen:latest,qwen:latest_p033,-24,15,39,True
qwen:latest,qwen:latest_p034,-39,5,44,True
qwen:latest,qwen:latest_p035,-19,6,25,True
qwen:latest,qwen:latest_p036,0,5,5,True
qwen:latest,qwen:latest_p037,-7,4,11,True
qwen:latest,qwen:latest_p038,4,7,3,True
qwen:latest,qwen:latest_p039,-9,5,14,True
qwen:latest,qwen:latest_p040,-9,2,11,True
qwen:latest,qwen:latest_p041,4,8,4,True
qwen:latest,qwen:latest_p042,-11,2,13,True
qwen:latest,qwen:latest_p043,4,4,0,True
qwen:latest,qwen:latest_p044,-17,4,21,True
qwen:latest,qwen:latest_p045,-30,2,32,True
qwen:latest,qwen:latest_p046,-4,8,12,True
qwen:latest,qwen:latest_p047,3,4,1,True
qwen:latest,qwen:latest_p048,6,6,0,True
qwen:latest,qwen:latest_p049,-11,3,14,True
gemma4:latest,gemma4:latest_p000,,,0,False
gemma4:latest,gemma4:latest_p001,14,17,3,True
gemma4:latest,gemma4:latest_p002,-8,3,11,True
gemma4:latest,gemma4:latest_p003,-29,13,42,True
gemma4:latest,gemma4:latest_p004,,,0,False
gemma4:latest,gemma4:latest_p005,4,4,0,True
gemma4:latest,gemma4:latest_p006,,,0,False
gemma4:latest,gemma4:latest_p007,-23,13,36,True
gemma4:latest,gemma4:latest_p008,3,4,1,True
gemma4:latest,gemma4:latest_p009,6,6,0,True
gemma4:latest,gemma4:latest_p010,-13,11,24,True
gemma4:latest,gemma4:latest_p011,7,13,6,True
gemma4:latest,gemma4:latest_p012,,,0,False
gemma4:latest,gemma4:latest_p013,-18,11,29,True
gemma4:latest,gemma4:latest_p014,8,13,5,True
gemma4:latest,gemma4:latest_p015,-6,13,19,True
gemma4:latest,gemma4:latest_p016,11,11,0,True
gemma4:latest,gemma4:latest_p017,14,17,3,True
gemma4:latest,gemma4:latest_p018,-20,17,37,True
gemma4:latest,gemma4:latest_p019,,,0,False
gemma4:latest,gemma4:latest_p020,-4,17,21,True
gemma4:latest,gemma4:latest_p021,-46,3,49,True
gemma4:latest,gemma4:latest_p022,-8,3,11,True
gemma4:latest,gemma4:latest_p023,2,14,12,True
gemma4:latest,gemma4:latest_p024,-6,16,22,True
gemma4:latest,gemma4:latest_p025,-39,3,42,True
gemma4:latest,gemma4:latest_p026,-20,9,29,True
gemma4:latest,gemma4:latest_p027,-45,3,48,True
gemma4:latest,gemma4:latest_p028,-7,3,10,True
gemma4:latest,gemma4:latest_p029,-39,3,42,True
gemma4:latest,gemma4:latest_p030,-43,3,46,True
gemma4:latest,gemma4:latest_p031,-30,3,33,True
gemma4:latest,gemma4:latest_p032,-50,3,53,True
gemma4:latest,gemma4:latest_p033,0,7,7,True
gemma4:latest,gemma4:latest_p034,-44,3,47,True
gemma4:latest,gemma4:latest_p035,-31,3,34,True
gemma4:latest,gemma4:latest_p036,13,13,0,True
gemma4:latest,gemma4:latest_p037,-13,14,27,True
gemma4:latest,gemma4:latest_p038,-21,14,35,True
gemma4:latest,gemma4:latest_p039,-29,3,32,True
gemma4:latest,gemma4:latest_p040,-15,9,24,True
gemma4:latest,gemma4:latest_p041,-28,9,37,True
gemma4:latest,gemma4:latest_p042,-34,3,37,True
gemma4:latest,gemma4:latest_p043,-29,3,32,True
gemma4:latest,gemma4:latest_p044,17,17,0,True
gemma4:latest,gemma4:latest_p045,-22,3,25,True
gemma4:latest,gemma4:latest_p046,1,9,8,True
gemma4:latest,gemma4:latest_p047,4,13,9,True
gemma4:latest,gemma4:latest_p048,-18,3,21,True
gemma4:latest,gemma4:latest_p049,-9,9,18,True
qwen3:32b,qwen3:32b_p000,,,0,False
qwen3:32b,qwen3:32b_p001,,,0,False
qwen3:32b,qwen3:32b_p002,,,0,False
qwen3:32b,qwen3:32b_p003,,,0,False
qwen3:32b,qwen3:32b_p004,,,0,False
qwen3:32b,qwen3:32b_p005,,,0,False
qwen3:32b,qwen3:32b_p006,,,0,False
qwen3:32b,qwen3:32b_p007,,,0,False
qwen3:32b,qwen3:32b_p008,,,0,False
qwen3:32b,qwen3:32b_p009,,,0,False
qwen3:32b,qwen3:32b_p010,,,0,False
qwen3:32b,qwen3:32b_p011,,,0,False
qwen3:32b,qwen3:32b_p012,,,0,False
qwen3:32b,qwen3:32b_p013,,,0,False
qwen3:32b,qwen3:32b_p014,,,0,False
qwen3:32b,qwen3:32b_p015,,,0,False
qwen3:32b,qwen3:32b_p016,,,0,False
qwen3:32b,qwen3:32b_p017,,,0,False
qwen3:32b,qwen3:32b_p018,,,0,False
qwen3:32b,qwen3:32b_p019,,,0,False
qwen3:32b,qwen3:32b_p020,,,0,False
qwen3:32b,qwen3:32b_p021,,,0,False
qwen3:32b,qwen3:32b_p022,,,0,False
qwen3:32b,qwen3:32b_p023,,,0,False
qwen3:32b,qwen3:32b_p024,,,0,False
qwen3:32b,qwen3:32b_p025,,,0,False
qwen3:32b,qwen3:32b_p026,,,0,False
qwen3:32b,qwen3:32b_p027,,,0,False
qwen3:32b,qwen3:32b_p028,,,0,False
qwen3:32b,qwen3:32b_p029,,,0,False
qwen3:32b,qwen3:32b_p030,,,0,False
qwen3:32b,qwen3:32b_p031,,,0,False
qwen3:32b,qwen3:32b_p032,,,0,False
qwen3:32b,qwen3:32b_p033,,,0,False
qwen3:32b,qwen3:32b_p034,,,0,False
qwen3:32b,qwen3:32b_p035,,,0,False
qwen3:32b,qwen3:32b_p036,,,0,False
qwen3:32b,qwen3:32b_p037,,,0,False
qwen3:32b,qwen3:32b_p038,,,0,False
qwen3:32b,qwen3:32b_p039,,,0,False
qwen3:32b,qwen3:32b_p040,,,0,False
qwen3:32b,qwen3:32b_p041,,,0,False
qwen3:32b,qwen3:32b_p042,,,0,False
qwen3:32b,qwen3:32b_p043,,,0,False
qwen3:32b,qwen3:32b_p044,,,0,False
qwen3:32b,qwen3:32b_p045,,,0,False
qwen3:32b,qwen3:32b_p046,,,0,False
qwen3:32b,qwen3:32b_p047,,,0,False
qwen3:32b,qwen3:32b_p048,,,0,False
qwen3:32b,qwen3:32b_p049,,,0,False
gemma3:27b,gemma3:27b_p000,,,0,False
gemma3:27b,gemma3:27b_p001,-22,4,26,True
gemma3:27b,gemma3:27b_p002,-14,21,35,True
gemma3:27b,gemma3:27b_p003,-12,9,21,True
gemma3:27b,gemma3:27b_p004,-11,6,17,True
gemma3:27b,gemma3:27b_p005,-1,3,4,True
gemma3:27b,gemma3:27b_p006,-46,4,50,True
gemma3:27b,gemma3:27b_p007,-9,3,12,True
gemma3:27b,gemma3:27b_p008,-28,10,38,True
gemma3:27b,gemma3:27b_p009,-8,4,12,True
gemma3:27b,gemma3:27b_p010,-3,3,6,True
gemma3:27b,gemma3:27b_p011,-53,2,55,True
gemma3:27b,gemma3:27b_p012,3,3,0,True
gemma3:27b,gemma3:27b_p013,-38,5,43,True
gemma3:27b,gemma3:27b_p014,-25,5,30,True
gemma3:27b,gemma3:27b_p015,-1,3,4,True
gemma3:27b,gemma3:27b_p016,-16,20,36,True
gemma3:27b,gemma3:27b_p017,-43,7,50,True
gemma3:27b,gemma3:27b_p018,-6,3,9,True
gemma3:27b,gemma3:27b_p019,-2,6,8,True
gemma3:27b,gemma3:27b_p020,-15,8,23,True
gemma3:27b,gemma3:27b_p021,6,6,0,True
gemma3:27b,gemma3:27b_p022,-28,13,41,True
gemma3:27b,gemma3:27b_p023,-5,11,16,True
gemma3:27b,gemma3:27b_p024,-3,5,8,True
gemma3:27b,gemma3:27b_p025,-41,8,49,True
gemma3:27b,gemma3:27b_p026,-54,2,56,True
gemma3:27b,gemma3:27b_p027,6,20,14,True
gemma3:27b,gemma3:27b_p028,-14,6,20,True
gemma3:27b,gemma3:27b_p029,0,6,6,True
gemma3:27b,gemma3:27b_p030,-35,4,39,True
gemma3:27b,gemma3:27b_p031,-45,4,49,True
gemma3:27b,gemma3:27b_p032,-49,2,51,True
gemma3:27b,gemma3:27b_p033,-28,14,42,True
gemma3:27b,gemma3:27b_p034,1,3,2,True
gemma3:27b,gemma3:27b_p035,-21,18,39,True
gemma3:27b,gemma3:27b_p036,-12,12,24,True
gemma3:27b,gemma3:27b_p037,9,21,12,True
gemma3:27b,gemma3:27b_p038,-53,2,55,True
gemma3:27b,gemma3:27b_p039,-49,5,54,True
gemma3:27b,gemma3:27b_p040,-11,8,19,True
gemma3:27b,gemma3:27b_p041,8,8,0,True
gemma3:27b,gemma3:27b_p042,-14,14,28,True
gemma3:27b,gemma3:27b_p043,-9,8,17,True
gemma3:27b,gemma3:27b_p044,-51,3,54,True
gemma3:27b,gemma3:27b_p045,-3,7,10,True
gemma3:27b,gemma3:27b_p046,-32,13,45,True
gemma3:27b,gemma3:27b_p047,-5,5,10,True
gemma3:27b,gemma3:27b_p048,0,5,5,True
gemma3:27b,gemma3:27b_p049,-37,8,45,True
llama3.1:latest,llama3.1:latest_p000,,,0,False
llama3.1:latest,llama3.1:latest_p001,-25,10,35,True
llama3.1:latest,llama3.1:latest_p002,4,4,0,True
llama3.1:latest,llama3.1:latest_p003,4,8,4,True
llama3.1:latest,llama3.1:latest_p004,3,3,0,True
llama3.1:latest,llama3.1:latest_p005,,,0,False
llama3.1:latest,llama3.1:latest_p006,,,0,False
llama3.1:latest,llama3.1:latest_p007,-18,4,22,True
llama3.1:latest,llama3.1:latest_p008,-45,4,49,True
llama3.1:latest,llama3.1:latest_p009,5,5,0,True
llama3.1:latest,llama3.1:latest_p010,-30,3,33,True
llama3.1:latest,llama3.1:latest_p011,2,5,3,True
llama3.1:latest,llama3.1:latest_p012,,,0,False
llama3.1:latest,llama3.1:latest_p013,-4,5,9,True
llama3.1:latest,llama3.1:latest_p014,-7,7,14,True
llama3.1:latest,llama3.1:latest_p015,-15,4,19,True
llama3.1:latest,llama3.1:latest_p016,12,15,3,True
llama3.1:latest,llama3.1:latest_p017,,,0,False
llama3.1:latest,llama3.1:latest_p018,0,5,5,True
llama3.1:latest,llama3.1:latest_p019,-44,4,48,True
llama3.1:latest,llama3.1:latest_p020,4,4,0,True
llama3.1:latest,llama3.1:latest_p021,-17,3,20,True
llama3.1:latest,llama3.1:latest_p022,0,7,7,True
llama3.1:latest,llama3.1:latest_p023,-12,4,16,True
llama3.1:latest,llama3.1:latest_p024,-26,8,34,True
llama3.1:latest,llama3.1:latest_p025,-1,5,6,True
llama3.1:latest,llama3.1:latest_p026,-31,3,34,True
llama3.1:latest,llama3.1:latest_p027,2,2,0,True
llama3.1:latest,llama3.1:latest_p028,-19,4,23,True
llama3.1:latest,llama3.1:latest_p029,-21,5,26,True
llama3.1:latest,llama3.1:latest_p030,-46,2,48,True
llama3.1:latest,llama3.1:latest_p031,-9,2,11,True
llama3.1:latest,llama3.1:latest_p032,-19,3,22,True
llama3.1:latest,llama3.1:latest_p033,-37,2,39,True
llama3.1:latest,llama3.1:latest_p034,7,7,0,True
llama3.1:latest,llama3.1:latest_p035,-24,7,31,True
llama3.1:latest,llama3.1:latest_p036,-7,2,9,True
llama3.1:latest,llama3.1:latest_p037,-36,7,43,True
llama3.1:latest,llama3.1:latest_p038,3,3,0,True
llama3.1:latest,llama3.1:latest_p039,-29,4,33,True
llama3.1:latest,llama3.1:latest_p040,-27,7,34,True
llama3.1:latest,llama3.1:latest_p041,-19,17,36,True
llama3.1:latest,llama3.1:latest_p042,-40,4,44,True
llama3.1:latest,llama3.1:latest_p043,10,10,0,True
llama3.1:latest,llama3.1:latest_p044,-36,4,40,True
llama3.1:latest,llama3.1:latest_p045,1,17,16,True
llama3.1:latest,llama3.1:latest_p046,-12,9,21,True
llama3.1:latest,llama3.1:latest_p047,-16,2,18,True
llama3.1:latest,llama3.1:latest_p048,-29,5,34,True
llama3.1:latest,llama3.1:latest_p049,-34,7,41,True
deepseek-r1:latest,deepseek-r1:latest_p000,-25,5,30,True
deepseek-r1:latest,deepseek-r1:latest_p001,-16,4,20,True
deepseek-r1:latest,deepseek-r1:latest_p002,2,8,6,True
deepseek-r1:latest,deepseek-r1:latest_p003,-6,5,11,True
deepseek-r1:latest,deepseek-r1:latest_p004,7,20,13,True
deepseek-r1:latest,deepseek-r1:latest_p005,4,5,1,True
deepseek-r1:latest,deepseek-r1:latest_p006,5,17,12,True
deepseek-r1:latest,deepseek-r1:latest_p007,4,5,1,True
deepseek-r1:latest,deepseek-r1:latest_p008,-21,16,37,True
deepseek-r1:latest,deepseek-r1:latest_p009,-8,6,14,True
deepseek-r1:latest,deepseek-r1:latest_p010,-15,5,20,True
deepseek-r1:latest,deepseek-r1:latest_p011,-22,5,27,True
deepseek-r1:latest,deepseek-r1:latest_p012,-16,5,21,True
deepseek-r1:latest,deepseek-r1:latest_p013,-44,5,49,True
deepseek-r1:latest,deepseek-r1:latest_p014,-37,5,42,True
deepseek-r1:latest,deepseek-r1:latest_p015,-48,5,53,True
deepseek-r1:latest,deepseek-r1:latest_p016,-32,5,37,True
deepseek-r1:latest,deepseek-r1:latest_p017,-46,5,51,True
deepseek-r1:latest,deepseek-r1:latest_p018,-42,5,47,True
deepseek-r1:latest,deepseek-r1:latest_p019,-25,5,30,True
deepseek-r1:latest,deepseek-r1:latest_p020,4,5,1,True
deepseek-r1:latest,deepseek-r1:latest_p021,-24,5,29,True
deepseek-r1:latest,deepseek-r1:latest_p022,2,5,3,True
deepseek-r1:latest,deepseek-r1:latest_p023,-42,5,47,True
deepseek-r1:latest,deepseek-r1:latest_p024,-16,5,21,True
deepseek-r1:latest,deepseek-r1:latest_p025,5,5,0,True
deepseek-r1:latest,deepseek-r1:latest_p026,2,16,14,True
deepseek-r1:latest,deepseek-r1:latest_p027,-16,5,21,True
deepseek-r1:latest,deepseek-r1:latest_p028,-36,5,41,True
deepseek-r1:latest,deepseek-r1:latest_p029,-34,5,39,True
deepseek-r1:latest,deepseek-r1:latest_p030,-32,3,35,True
deepseek-r1:latest,deepseek-r1:latest_p031,-24,5,29,True
deepseek-r1:latest,deepseek-r1:latest_p032,-16,14,30,True
deepseek-r1:latest,deepseek-r1:latest_p033,-18,8,26,True
deepseek-r1:latest,deepseek-r1:latest_p034,-40,4,44,True
deepseek-r1:latest,deepseek-r1:latest_p035,-34,6,40,True
deepseek-r1:latest,deepseek-r1:latest_p036,-21,5,26,True
deepseek-r1:latest,deepseek-r1:latest_p037,14,18,4,True
deepseek-r1:latest,deepseek-r1:latest_p038,-45,5,50,True
deepseek-r1:latest,deepseek-r1:latest_p039,1,4,3,True
deepseek-r1:latest,deepseek-r1:latest_p040,-6,6,12,True
deepseek-r1:latest,deepseek-r1:latest_p041,-35,5,40,True
deepseek-r1:latest,deepseek-r1:latest_p042,-33,5,38,True
deepseek-r1:latest,deepseek-r1:latest_p043,-30,4,34,True
deepseek-r1:latest,deepseek-r1:latest_p044,-1,5,6,True
deepseek-r1:latest,deepseek-r1:latest_p045,-25,5,30,True
deepseek-r1:latest,deepseek-r1:latest_p046,-26,4,30,True
deepseek-r1:latest,deepseek-r1:latest_p047,-27,5,32,True
deepseek-r1:latest,deepseek-r1:latest_p048,-10,5,15,True
deepseek-r1:latest,deepseek-r1:latest_p049,7,20,13,True
phi4-mini:latest,phi4-mini:latest_p000,-12,16,28,True
phi4-mini:latest,phi4-mini:latest_p001,2,2,0,True
phi4-mini:latest,phi4-mini:latest_p002,-29,11,40,True
phi4-mini:latest,phi4-mini:latest_p003,-31,5,36,True
phi4-mini:latest,phi4-mini:latest_p004,-53,3,56,True
phi4-mini:latest,phi4-mini:latest_p005,-42,3,45,True
phi4-mini:latest,phi4-mini:latest_p006,-43,3,46,True
phi4-mini:latest,phi4-mini:latest_p007,-25,2,27,True
phi4-mini:latest,phi4-mini:latest_p008,-34,4,38,True
phi4-mini:latest,phi4-mini:latest_p009,-8,3,11,True
phi4-mini:latest,phi4-mini:latest_p010,-31,3,34,True
phi4-mini:latest,phi4-mini:latest_p011,-16,9,25,True
phi4-mini:latest,phi4-mini:latest_p012,-4,17,21,True
phi4-mini:latest,phi4-mini:latest_p013,2,2,0,True
phi4-mini:latest,phi4-mini:latest_p014,-41,4,45,True
phi4-mini:latest,phi4-mini:latest_p015,-19,4,23,True
phi4-mini:latest,phi4-mini:latest_p016,-4,9,13,True
phi4-mini:latest,phi4-mini:latest_p017,-27,13,40,True
phi4-mini:latest,phi4-mini:latest_p018,-23,16,39,True
phi4-mini:latest,phi4-mini:latest_p019,-14,10,24,True
phi4-mini:latest,phi4-mini:latest_p020,5,5,0,True
phi4-mini:latest,phi4-mini:latest_p021,-19,2,21,True
phi4-mini:latest,phi4-mini:latest_p022,7,7,0,True
phi4-mini:latest,phi4-mini:latest_p023,-21,6,27,True
phi4-mini:latest,phi4-mini:latest_p024,-10,3,13,True
phi4-mini:latest,phi4-mini:latest_p025,-20,6,26,True
phi4-mini:latest,phi4-mini:latest_p026,-22,4,26,True
phi4-mini:latest,phi4-mini:latest_p027,3,3,0,True
phi4-mini:latest,phi4-mini:latest_p028,-42,8,50,True
phi4-mini:latest,phi4-mini:latest_p029,-8,6,14,True
phi4-mini:latest,phi4-mini:latest_p030,-40,7,47,True
phi4-mini:latest,phi4-mini:latest_p031,3,3,0,True
phi4-mini:latest,phi4-mini:latest_p032,3,7,4,True
phi4-mini:latest,phi4-mini:latest_p033,-8,6,14,True
phi4-mini:latest,phi4-mini:latest_p034,-45,4,49,True
phi4-mini:latest,phi4-mini:latest_p035,-47,4,51,True
phi4-mini:latest,phi4-mini:latest_p036,5,5,0,True
phi4-mini:latest,phi4-mini:latest_p037,-35,4,39,True
phi4-mini:latest,phi4-mini:latest_p038,10,20,10,True
phi4-mini:latest,phi4-mini:latest_p039,-50,3,53,True
phi4-mini:latest,phi4-mini:latest_p040,-26,2,28,True
phi4-mini:latest,phi4-mini:latest_p041,-13,14,27,True
phi4-mini:latest,phi4-mini:latest_p042,-35,8,43,True
phi4-mini:latest,phi4-mini:latest_p043,-3,8,11,True
phi4-mini:latest,phi4-mini:latest_p044,3,4,1,True
phi4-mini:latest,phi4-mini:latest_p045,-35,2,37,True
phi4-mini:latest,phi4-mini:latest_p046,-43,3,46,True
phi4-mini:latest,phi4-mini:latest_p047,-24,8,32,True
phi4-mini:latest,phi4-mini:latest_p048,-13,3,16,True
phi4-mini:latest,phi4-mini:latest_p049,-33,6,39,True
llama3.2:latest,llama3.2:latest_p000,,,0,False
llama3.2:latest,llama3.2:latest_p001,-18,9,27,True
llama3.2:latest,llama3.2:latest_p002,7,8,1,True
llama3.2:latest,llama3.2:latest_p003,,,0,False
llama3.2:latest,llama3.2:latest_p004,4,4,0,True
llama3.2:latest,llama3.2:latest_p005,,,0,False
llama3.2:latest,llama3.2:latest_p006,2,3,1,True
llama3.2:latest,llama3.2:latest_p007,-47,5,52,True
llama3.2:latest,llama3.2:latest_p008,-28,10,38,True
llama3.2:latest,llama3.2:latest_p009,-18,7,25,True
llama3.2:latest,llama3.2:latest_p010,-33,11,44,True
llama3.2:latest,llama3.2:latest_p011,-7,2,9,True
llama3.2:latest,llama3.2:latest_p012,0,3,3,True
llama3.2:latest,llama3.2:latest_p013,-1,11,12,True
llama3.2:latest,llama3.2:latest_p014,-51,2,53,True
llama3.2:latest,llama3.2:latest_p015,-47,4,51,True
llama3.2:latest,llama3.2:latest_p016,-9,7,16,True
llama3.2:latest,llama3.2:latest_p017,-5,6,11,True
llama3.2:latest,llama3.2:latest_p018,-53,3,56,True
llama3.2:latest,llama3.2:latest_p019,-17,2,19,True
llama3.2:latest,llama3.2:latest_p020,-34,8,42,True
llama3.2:latest,llama3.2:latest_p021,-14,8,22,True
llama3.2:latest,llama3.2:latest_p022,5,5,0,True
llama3.2:latest,llama3.2:latest_p023,-15,6,21,True
llama3.2:latest,llama3.2:latest_p024,-29,4,33,True
llama3.2:latest,llama3.2:latest_p025,-20,3,23,True
llama3.2:latest,llama3.2:latest_p026,3,3,0,True
llama3.2:latest,llama3.2:latest_p027,-29,11,40,True
llama3.2:latest,llama3.2:latest_p028,-21,5,26,True
llama3.2:latest,llama3.2:latest_p029,4,4,0,True
llama3.2:latest,llama3.2:latest_p030,2,4,2,True
llama3.2:latest,llama3.2:latest_p031,3,3,0,True
llama3.2:latest,llama3.2:latest_p032,2,6,4,True
llama3.2:latest,llama3.2:latest_p033,-13,4,17,True
llama3.2:latest,llama3.2:latest_p034,-30,3,33,True
llama3.2:latest,llama3.2:latest_p035,1,4,3,True
llama3.2:latest,llama3.2:latest_p036,-40,2,42,True
llama3.2:latest,llama3.2:latest_p037,-28,4,32,True
llama3.2:latest,llama3.2:latest_p038,-24,3,27,True
llama3.2:latest,llama3.2:latest_p039,0,4,4,True
llama3.2:latest,llama3.2:latest_p040,4,4,0,True
llama3.2:latest,llama3.2:latest_p041,-24,2,26,True
llama3.2:latest,llama3.2:latest_p042,-25,6,31,True
llama3.2:latest,llama3.2:latest_p043,-48,4,52,True
llama3.2:latest,llama3.2:latest_p044,2,2,0,True
llama3.2:latest,llama3.2:latest_p045,-16,13,29,True
llama3.2:latest,llama3.2:latest_p046,-3,17,20,True
llama3.2:latest,llama3.2:latest_p047,-50,4,54,True
llama3.2:latest,llama3.2:latest_p048,-16,7,23,True
llama3.2:latest,llama3.2:latest_p049,-34,6,40,True
coney_/gpt-oss_claude-sonnet4.6:latest,coney_/gpt-oss_claude-sonnet4.6:latest_p000,-24,3,27,True
coney_/gpt-oss_claude-sonnet4.6:latest,coney_/gpt-oss_claude-sonnet4.6:latest_p001,-4,3,7,True
coney_/gpt-oss_claude-sonnet4.6:latest,coney_/gpt-oss_claude-sonnet4.6:latest_p002,-50,3,53,True
coney_/gpt-oss_claude-sonnet4.6:latest,coney_/gpt-oss_claude-sonnet4.6:latest_p003,-24,3,27,True
coney_/gpt-oss_claude-sonnet4.6:latest,coney_/gpt-oss_claude-sonnet4.6:latest_p004,-1,3,4,True
coney_/gpt-oss_claude-sonnet4.6:latest,coney_/gpt-oss_claude-sonnet4.6:latest_p005,-52,3,55,True
coney_/gpt-oss_claude-sonnet4.6:latest,coney_/gpt-oss_claude-sonnet4.6:latest_p006,-39,3,42,True
coney_/gpt-oss_claude-sonnet4.6:latest,coney_/gpt-oss_claude-sonnet4.6:latest_p007,-21,3,24,True
coney_/gpt-oss_claude-sonnet4.6:latest,coney_/gpt-oss_claude-sonnet4.6:latest_p008,-47,3,50,True
coney_/gpt-oss_claude-sonnet4.6:latest,coney_/gpt-oss_claude-sonnet4.6:latest_p009,-48,5,53,True
coney_/gpt-oss_claude-sonnet4.6:latest,coney_/gpt-oss_claude-sonnet4.6:latest_p010,-2,3,5,True
coney_/gpt-oss_claude-sonnet4.6:latest,coney_/gpt-oss_claude-sonnet4.6:latest_p011,-20,7,27,True
coney_/gpt-oss_claude-sonnet4.6:latest,coney_/gpt-oss_claude-sonnet4.6:latest_p012,-51,3,54,True
coney_/gpt-oss_claude-sonnet4.6:latest,coney_/gpt-oss_claude-sonnet4.6:latest_p013,-1,3,4,True
coney_/gpt-oss_claude-sonnet4.6:latest,coney_/gpt-oss_claude-sonnet4.6:latest_p014,-5,13,18,True
coney_/gpt-oss_claude-sonnet4.6:latest,coney_/gpt-oss_claude-sonnet4.6:latest_p015,-24,4,28,True
coney_/gpt-oss_claude-sonnet4.6:latest,coney_/gpt-oss_claude-sonnet4.6:latest_p016,-41,3,44,True
coney_/gpt-oss_claude-sonnet4.6:latest,coney_/gpt-oss_claude-sonnet4.6:latest_p017,3,3,0,True
coney_/gpt-oss_claude-sonnet4.6:latest,coney_/gpt-oss_claude-sonnet4.6:latest_p018,-24,3,27,True
coney_/gpt-oss_claude-sonnet4.6:latest,coney_/gpt-oss_claude-sonnet4.6:latest_p019,-16,3,19,True
coney_/gpt-oss_claude-sonnet4.6:latest,coney_/gpt-oss_claude-sonnet4.6:latest_p020,-31,6,37,True
coney_/gpt-oss_claude-sonnet4.6:latest,coney_/gpt-oss_claude-sonnet4.6:latest_p021,-4,3,7,True
coney_/gpt-oss_claude-sonnet4.6:latest,coney_/gpt-oss_claude-sonnet4.6:latest_p022,11,18,7,True
coney_/gpt-oss_claude-sonnet4.6:latest,coney_/gpt-oss_claude-sonnet4.6:latest_p023,-36,3,39,True
coney_/gpt-oss_claude-sonnet4.6:latest,coney_/gpt-oss_claude-sonnet4.6:latest_p024,13,14,1,True
coney_/gpt-oss_claude-sonnet4.6:latest,coney_/gpt-oss_claude-sonnet4.6:latest_p025,-17,3,20,True
coney_/gpt-oss_claude-sonnet4.6:latest,coney_/gpt-oss_claude-sonnet4.6:latest_p026,-13,3,16,True
coney_/gpt-oss_claude-sonnet4.6:latest,coney_/gpt-oss_claude-sonnet4.6:latest_p027,-32,3,35,True
coney_/gpt-oss_claude-sonnet4.6:latest,coney_/gpt-oss_claude-sonnet4.6:latest_p028,-27,3,30,True
coney_/gpt-oss_claude-sonnet4.6:latest,coney_/gpt-oss_claude-sonnet4.6:latest_p029,-48,3,51,True
coney_/gpt-oss_claude-sonnet4.6:latest,coney_/gpt-oss_claude-sonnet4.6:latest_p030,-36,3,39,True
coney_/gpt-oss_claude-sonnet4.6:latest,coney_/gpt-oss_claude-sonnet4.6:latest_p031,-25,8,33,True
coney_/gpt-oss_claude-sonnet4.6:latest,coney_/gpt-oss_claude-sonnet4.6:latest_p032,-20,3,23,True
coney_/gpt-oss_claude-sonnet4.6:latest,coney_/gpt-oss_claude-sonnet4.6:latest_p033,-16,7,23,True
coney_/gpt-oss_claude-sonnet4.6:latest,coney_/gpt-oss_claude-sonnet4.6:latest_p034,-22,3,25,True
coney_/gpt-oss_claude-sonnet4.6:latest,coney_/gpt-oss_claude-sonnet4.6:latest_p035,-16,3,19,True
coney_/gpt-oss_claude-sonnet4.6:latest,coney_/gpt-oss_claude-sonnet4.6:latest_p036,-30,3,33,True
coney_/gpt-oss_claude-sonnet4.6:latest,coney_/gpt-oss_claude-sonnet4.6:latest_p037,-38,3,41,True
coney_/gpt-oss_claude-sonnet4.6:latest,coney_/gpt-oss_claude-sonnet4.6:latest_p038,-19,3,22,True
coney_/gpt-oss_claude-sonnet4.6:latest,coney_/gpt-oss_claude-sonnet4.6:latest_p039,-49,3,52,True
coney_/gpt-oss_claude-sonnet4.6:latest,coney_/gpt-oss_claude-sonnet4.6:latest_p040,-34,3,37,True
coney_/gpt-oss_claude-sonnet4.6:latest,coney_/gpt-oss_claude-sonnet4.6:latest_p041,3,3,0,True
coney_/gpt-oss_claude-sonnet4.6:latest,coney_/gpt-oss_claude-sonnet4.6:latest_p042,-6,3,9,True
coney_/gpt-oss_claude-sonnet4.6:latest,coney_/gpt-oss_claude-sonnet4.6:latest_p043,-40,3,43,True
coney_/gpt-oss_claude-sonnet4.6:latest,coney_/gpt-oss_claude-sonnet4.6:latest_p044,-53,3,56,True
coney_/gpt-oss_claude-sonnet4.6:latest,coney_/gpt-oss_claude-sonnet4.6:latest_p045,-19,3,22,True
coney_/gpt-oss_claude-sonnet4.6:latest,coney_/gpt-oss_claude-sonnet4.6:latest_p046,-11,3,14,True
coney_/gpt-oss_claude-sonnet4.6:latest,coney_/gpt-oss_claude-sonnet4.6:latest_p047,-37,3,40,True
coney_/gpt-oss_claude-sonnet4.6:latest,coney_/gpt-oss_claude-sonnet4.6:latest_p048,3,3,0,True
coney_/gpt-oss_claude-sonnet4.6:latest,coney_/gpt-oss_claude-sonnet4.6:latest_p049,-41,3,44,True
